id,group,kind,source,layer,crs,advertised,harvest,priority,title,notes
statistical_areas,management,vector,ccamlr-wfs,gis:statistical_areas_6932,EPSG:6932,TRUE,TRUE,1,"Statistical areas, subareas and divisions (ASDs)","19 leaf units (subareas and divisions); GAR_Parent_ID points to parents not in the layer; CCAMLRGIS load_ASDs()"
ssrus,management,vector,ccamlr-wfs,gis:ssrus_6932,EPSG:6932,TRUE,TRUE,1,"Small-scale research units (SSRUs)","exploratory toothfish fisheries; CCAMLRGIS load_SSRUs()"
ssmus,management,vector,ccamlr-wfs,gis:ssmus_6932,EPSG:6932,TRUE,TRUE,1,"Small-scale management units (SSMUs)","krill fishery, Subareas 48.1 to 48.4; CCAMLRGIS load_SSMUs()"
research_blocks,management,vector,ccamlr-wfs,gis:research_blocks_6932,EPSG:6932,TRUE,TRUE,1,"Research blocks","36 features at 2026-10-01; change through Conservation Measures; CCAMLRGIS load_RBs()"
research_blocks2,management,vector,ccamlr-wfs,gis:research_blocks2,ESRI:102020,TRUE,TRUE,3,"Research blocks 2","purpose unclear; no 6932 twin; ask the Secretariat"
omas,management,vector,ccamlr-wfs,gis:omas_6932,EPSG:6932,TRUE,TRUE,1,"Management areas (OMAs)","CCAMLRGIS load_MAs()"
management_areas,management,vector,ccamlr-wfs,gis:management_areas_6932,EPSG:6932,TRUE,TRUE,2,"Management areas, toothfish 48.3/48.4 and icefish 58.5.2","older schema (asdcode, macode); compare with omas"
mpas,management,vector,ccamlr-wfs,gis:mpas_6932,EPSG:6932,TRUE,TRUE,1,"Marine Protected Areas","CCAMLRGIS load_MPAs()"
mpa_planning_domains,management,vector,ccamlr-wfs,gis:CCAMLR_MPA_Planning_Domains,ESRI:102020,TRUE,TRUE,2,"MPA planning domains","nine domains from the 2011 MPA workshop"
eez,management,vector,ccamlr-wfs,gis:eez_6932,EPSG:6932,TRUE,TRUE,1,"Exclusive Economic Zones","CCAMLRGIS load_EEZs()"
cemp_site,protected,vector,ccamlr-wfs,gis:cemp_site,ESRI:102020,TRUE,TRUE,1,"CEMP sites","Ecosystem Monitoring Program sites, points with codes and administering Member"
aspa,protected,vector,ccamlr-wfs,gis:aspa,ESRI:102020,TRUE,TRUE,2,"Antarctic Specially Protected Areas","from the Antarctic Treaty Secretariat; may lag the ATS source"
asma,protected,vector,ccamlr-wfs,gis:asma,ESRI:102020,TRUE,TRUE,2,"Antarctic Specially Managed Areas","from the Antarctic Treaty Secretariat; may lag the ATS source"
sass,protected,vector,ccamlr-wfs,gis:sass,ESRI:102020,TRUE,TRUE,2,"Special Areas for Scientific Study","current"
sass_all,protected,vector,ccamlr-wfs,gis:sass_all,ESRI:102020,TRUE,TRUE,3,"Special Areas for Scientific Study (all)","includes expired; check GAR_End_Date"
vme_points,vme,vector,ccamlr-wfs,gis:vme_points,ESRI:102020,TRUE,TRUE,1,"VME points","vulnerable marine ecosystem registry"
vme_lines,vme,vector,ccamlr-wfs,gis:vme_lines,ESRI:102020,TRUE,TRUE,1,"VME lines",""
vme_polygons,vme,vector,ccamlr-wfs,gis:vme_polygons,ESRI:102020,TRUE,TRUE,1,"VME polygons","circles: lon, lat, radius attributes"
vme_fsr,vme,vector,ccamlr-wfs,gis:vme_fsr,ESRI:102020,TRUE,TRUE,1,"VME fine-scale rectangles","notifs = notification count"
vme_risk_areas,vme,vector,ccamlr-wfs,gis:vme_risk_areas,ESRI:102020,TRUE,TRUE,1,"VME risk areas","circles: lon, lat, radius attributes"
vme_risk_areas_zoomed_out,vme,vector,ccamlr-wfs,gis:vme_risk_areas_zoomed_out,ESRI:102020,TRUE,FALSE,3,"VME risk areas (zoomed out)","display helper, points standing in for circles; derivable"
coastline_v1,reference,vector,ccamlr-wfs,gis:coastline_v1_6932,EPSG:6932,TRUE,TRUE,1,"Coastline v1","CCAMLRGIS load_Coastline(); full resolution, check size before embedding in a view"
coastline,reference,vector,ccamlr-wfs,gis:coastline_6932,EPSG:6932,TRUE,TRUE,3,"Coastline (older)","BAS compendium of three resolutions"
polar_fronts,reference,vector,ccamlr-wfs,gis:polar_fronts,ESRI:102020,TRUE,TRUE,1,"Polar front positions","frontname, cite"
graticule,reference,vector,ccamlr-wfs,gis:graticule,ESRI:102020,TRUE,FALSE,3,"Graticule","derivable; not worth harvesting"
scufn_names,names,vector,ccamlr-wfs,gis:scufn_names,ESRI:102020,TRUE,TRUE,2,"Undersea place-names to 40S","SCUFN/GEBCO gazetteer points"
point_names40,names,vector,ccamlr-wfs,gis:point_names40,ESRI:102020,TRUE,TRUE,3,"Undersea place-names, points","GEBCO gazetteer Oct 2012"
line_names40,names,vector,ccamlr-wfs,gis:line_names40,ESRI:102020,TRUE,TRUE,3,"Undersea place-names, lines","GEBCO gazetteer Oct 2012"
polygon_names40,names,vector,ccamlr-wfs,gis:polygon_names40,ESRI:102020,TRUE,TRUE,3,"Undersea place-names, polygons","GEBCO gazetteer Oct 2012"
cga_display_names,names,vector,ccamlr-wfs,gis:cga_display_names,ESRI:102020,TRUE,TRUE,2,"Top-level CGA place-names","SCAR Composite Gazetteer subset (2013)"
subantarctic_display_names,names,vector,ccamlr-wfs,gis:subantarctic_display_names,ESRI:102020,TRUE,TRUE,2,"Sub-Antarctic top-level place-names","AADC gazetteer subset (2013)"
figure6b,other,vector,ccamlr-wfs,gis:figure6b,ESRI:102020,TRUE,TRUE,3,"figure6b","a figure from a report; ask what it is"
penguins_line,other,vector,ccamlr-wfs,gis:penguins_line,ESRI:102020,TRUE,FALSE,3,"Penguin tracks (lines)","tracking data; ask before redistributing"
directed_fishing,unadvertised,vector,ccamlr-wfs,gis:directed_fishing,ESRI:102020,FALSE,FALSE,3,"Directed fishing areas","not in GetCapabilities but readable; 7 features; ask before use"
usamlr_waypoints,unadvertised,vector,ccamlr-wfs,gis:USAMLRwaypoints,ESRI:102020,FALSE,FALSE,3,"US AMLR waypoints","not in GetCapabilities but listed by DescribeFeatureType; ask before use"
penguins_locations,unadvertised,vector,ccamlr-wfs,gis:penguins_locations,ESRI:102020,FALSE,FALSE,3,"Penguin locations","not in GetCapabilities but readable; 2465 features; ask before use"
gebco2025_5000,bathymetry,raster,ccamlr-wcs,gis__GEBCO2025_5000,EPSG:6932,TRUE,TRUE,2,"GEBCO 2025, 5 km, LAEA, cropped at 40S","small polar overview; WCS 2.0.1"
gebco2025_500,bathymetry,raster,ccamlr-wcs,gis__GEBCO2025_500,EPSG:6932,TRUE,FALSE,3,"GEBCO 2025, 500 m, LAEA, cropped at 40S","superseded by the gebco_2026 recipe"
gebco2024_5000,bathymetry,raster,ccamlr-wcs,gis__GEBCO2024_5000,EPSG:6932,TRUE,FALSE,3,"GEBCO 2024, 5 km, LAEA","also 2020, 2021, 2023 at 500 m and 5 km"
hillshade08,bathymetry,raster,ccamlr-wcs,gis__hill08south_clip40_102020,ESRI:102020,TRUE,FALSE,3,"Hillshade from GEBCO 08","legacy"
geb08,bathymetry,raster,ccamlr-wcs,gis__geb08south_clip40_102020,ESRI:102020,TRUE,FALSE,3,"GEBCO 08 south of 40S","legacy"
geb14_600_1800,bathymetry,raster,ccamlr-wcs,gis__geb14_projected_cubic_resample_500_500m_depths_600_1800,ESRI:102020,TRUE,TRUE,2,"GEBCO 2014, 600 to 1800 m depth band","fishable-depth mask for toothfish work, a derived product worth keeping"
crabeater_seal_density,biology,raster,ccamlr-wcs,gis__crabeater_seal_density_full,unknown,TRUE,TRUE,2,"Crabeater seal density","provenance unknown; read the WCS DescribeCoverage"
ssmis,sea-ice,raster,ccamlr-wcs,gis__ssmis,unknown,TRUE,FALSE,3,"SSMIS","contents unknown; likely sea ice; read DescribeCoverage"
bremen_sic,sea-ice,raster,ccamlr-wcs,gis__bremen_sic,EPSG:3031,TRUE,FALSE,3,"Bremen AMSR sea ice concentration (mirror)","daily mirror since 2013-11; use bremen_asi_amsr2 upstream instead"
ccamlr_gebco2024_500,bathymetry,raster,ccamlr-www,GEBCO2024_500.tif,EPSG:6932,TRUE,FALSE,2,"GEBCO 2024 file, 500 m","CCAMLRGIS load_Bathy(); also 1000, 2500, 5000; COG status unknown"
ccamlr_gebco2024_5000,bathymetry,raster,ccamlr-www,GEBCO2024_5000.tif,EPSG:6932,TRUE,FALSE,2,"GEBCO 2024 file, 5 km","CCAMLRGIS load_Bathy()"
gebco_2026,bathymetry,raster,source-coop,GEBCO_2026.tif,EPSG:4326,TRUE,FALSE,1,"GEBCO 2026, global 15 arc-second COG","ausantarctic on source.coop; a recipe, not a copy; also GEBCO_2024, GEBCO_2025"
gebco_2025,bathymetry,raster,source-coop,GEBCO_2025.tif,EPSG:4326,TRUE,FALSE,2,"GEBCO 2025, global 15 arc-second COG","ausantarctic on source.coop"
bremen_asi_amsr2,sea-ice,raster,bremen,asi-AMSR2-s6250-{date}-v5.4.tif,EPSG:3412,TRUE,FALSE,1,"AMSR2 ASI sea ice concentration, daily, 6.25 km","date template YYYYMMDD; NSIDC south polar stereographic grid; plain GeoTIFF, embedded by aobview"
ibcso_v2,bathymetry,raster,pangaea,doi:10.1594/PANGAEA.937574,EPSG:9354,TRUE,FALSE,3,"IBCSO v2 Southern Ocean bathymetry","download only, not a COG; candidate to host as COG"
